id,evenement,degree,secteur,sousSecteurCible,duree,vie,categorie,description
1,Annonce de résultats Apple,3,Technologie,Logiciels,3,3,Entreprise,Apple dévoile des résultats financiers exceptionnels, portés par des ventes record d'iPhone et une adoption massive de ses services numériques comme Apple Music et iCloud. Les investisseurs saluent la stratégie d'innovation continue et l'expansion dans les marchés émergents.
2,Crise des puces,-4,Technologie,Semi-conducteurs,5,5,SupplyChain,Une pénurie mondiale de semi-conducteurs paralyse la production de puces électroniques. Les fabricants d'appareils, des smartphones aux consoles de jeu, font face à des retards, tandis que les coûts de production grimpent en flèche, affectant les marges des entreprises technologiques.
3,Lancement produit Microsoft,2,Technologie,Logiciels,2,2,Innovation,Microsoft lance une nouvelle suite logicielle révolutionnaire, intégrant des outils d'intelligence artificielle pour améliorer la productivité des entreprises. Ce produit, attendu par les analystes, renforce la position de Microsoft dans le secteur des logiciels professionnels.
4,Hausse coûts Nvidia,-2,Technologie,Semi-conducteurs,4,4,SupplyChain,Les coûts de production de Nvidia augmentent en raison de la rareté des matériaux essentiels comme le silicium. Cette pression sur les marges pourrait affecter la compétitivité de ses cartes graphiques et solutions d'IA, très demandées dans les secteurs du gaming et des data centers.
5,Investissement cloud Amazon,3,Technologie,Cloud,3,3,Investissement,Amazon annonce un investissement colossal dans ses infrastructures cloud, avec de nouveaux centres de données en Asie et en Europe. Cette expansion vise à répondre à la demande croissante pour les services AWS, renforçant la domination d'Amazon dans le cloud computing.
6,Scandale données Google,-3,Technologie,Cloud,4,4,Réglementation,Google est au cœur d'un scandale après des révélations sur l'utilisation abusive de données utilisateur dans ses services cloud. Les autorités européennes envisagent des sanctions, et la confiance des consommateurs envers les services de Google pourrait être ébranlée.
7,Fusion bancaire,2,Finance,Banque,3,3,Entreprise,Une grande banque fusionne avec un concurrent régional, créant une entité plus robuste avec une portée géographique élargie. Cette opération stratégique vise à optimiser les coûts et à renforcer la présence sur les marchés de détail et d'investissement.
8,Chute actifs gérés,-2,Finance,Gestion d'actifs,4,4,Macro,Les sociétés de gestion d'actifs subissent une baisse de la valeur de leurs portefeuilles en raison d'une volatilité accrue sur les marchés mondiaux. Les investisseurs, nerveux face aux incertitudes économiques, réduisent leurs placements dans les fonds à risque.
9,Nouveau service Visa,3,Finance,Paiements,2,2,Innovation,Visa déploie une plateforme de paiement numérique sécurisée, intégrant la blockchain pour des transactions plus rapides et transparentes. Ce service cible les commerces en ligne et les marchés émergents, renforçant la position de Visa dans les paiements numériques.
10,Réglementation pharmaceutique,-3,Santé,Pharmaceutique,5,5,Réglementation,Les gouvernements imposent des contrôles stricts sur les prix des médicaments, obligeant les laboratoires pharmaceutiques à revoir leurs modèles économiques. Cette mesure, visant à rendre les soins plus accessibles, crée des tensions dans le secteur.
11,Percée biotechnologie,4,Santé,Biotechnologie,3,3,Innovation,Une avancée majeure dans les thérapies géniques ouvre de nouvelles perspectives pour le traitement de maladies rares. Les entreprises de biotechnologie attirent l'attention des investisseurs, séduits par le potentiel de ces technologies révolutionnaires.
12,Hausse prix pétrole,3,Énergie,Pétrole,4,4,Géopolitique,Les tensions dans les régions productrices de pétrole entraînent une flambée des prix du brut. Les compagnies pétrolières bénéficient de marges accrues, mais les industries dépendantes du pétrole, comme le transport, font face à des coûts croissants.
13,Accident ExxonMobil,-2,Énergie,Pétrole,3,3,Catastrophe,Une explosion dans une raffinerie d'ExxonMobil au Texas cause des dommages importants et interrompt la production. Les autorités enquêtent sur les causes, tandis que l'entreprise doit gérer les retombées environnementales et financières.
14,Nouvelle voiture Tesla,3,Industrie,Automobile,2,2,Innovation,Tesla dévoile un modèle de voiture électrique abordable, équipé de technologies autonomes avancées. Ce lancement renforce l'image d'innovateur de Tesla et attire une nouvelle clientèle dans un marché automobile en pleine transition.
15,Problèmes approvisionnement,-3,Industrie,Manufacture,4,4,SupplyChain,Des ruptures dans les chaînes d'approvisionnement mondiales perturbent la production industrielle. Les fabricants, confrontés à des délais et à des coûts accrus, peinent à répondre à la demande, affectant des secteurs comme l'électronique et l'automobile.
16,Augmentation ventes Walmart,2,Consommation,Distribution,3,3,Entreprise,Walmart enregistre une croissance spectaculaire de ses ventes en ligne, portée par une stratégie agressive de commerce électronique. Cette performance consolide sa position face à des concurrents comme Amazon dans le secteur de la distribution.
17,Changement direction Disney,-2,Consommation,Médias,3,3,Entreprise,Disney annonce le départ inattendu de son PDG, provoquant des spéculations sur la future stratégie du géant du divertissement. Les investisseurs s'interrogent sur l'impact de ce changement sur les projets de streaming et les parcs à thème.
18,Hausse taux d’intérêt,-3,Macro,,5,5,Politique,La banque centrale relève les taux d’intérêt pour freiner une inflation galopante. Cette décision affecte les marchés financiers, augmente le coût du crédit et ralentit les investissements dans des secteurs sensibles aux taux, comme l'immobilier.
19,Reprise économique,4,Macro,,4,4,Macro,Une reprise économique mondiale dynamise les marchés, portée par une augmentation de la consommation et des investissements dans les infrastructures. Les entreprises de divers secteurs enregistrent une hausse de la demande et une amélioration de leurs perspectives.
20,Taxe télécommunications,-2,Télécommunications,Téléphonie,4,4,Réglementation,Une nouvelle taxe sur les services de télécommunications est instaurée, obligeant les opérateurs à répercuter les coûts sur les consommateurs. Cette mesure pourrait affecter la compétitivité et la rentabilité des entreprises du secteur.
21,Ouragan golfe Mexique,-4,Énergie,Pétrole,5,5,Catastrophe,Un ouragan dévastateur frappe le golfe du Mexique, interrompant la production pétrolière offshore. Les plateformes pétrolières subissent des dommages, et les compagnies énergétiques doivent faire face à des pertes importantes et à des défis logistiques.
22,Nouvelle loi fiscale,-3,Finance,,4,4,Politique,Une réforme fiscale impose des prélèvements supplémentaires sur les institutions financières, suscitant des inquiétudes quant à la rentabilité des banques et des fonds d'investissement. Les analystes anticipent une révision des stratégies financières.
23,Avancée IA,3,Technologie,Logiciels,3,3,Innovation,Une percée dans l'intelligence artificielle permet de nouvelles applications dans les logiciels d'entreprise et les services grand public. Les entreprises technologiques leaders, comme celles spécialisées dans l'IA, attirent un vif intérêt des investisseurs.
24,Conflit commercial,-3,Industrie,,4,4,Géopolitique,Un différend commercial entre grandes puissances économiques entraîne des tarifs douaniers élevés, affectant les exportations industrielles. Les fabricants doivent naviguer dans un environnement commercial incertain, avec des impacts sur leurs chaînes d'approvisionnement.
25,Subventions santé,2,Santé,Pharmaceutique,3,3,Politique,Le gouvernement lance un programme de subventions pour la recherche médicale, stimulant l'innovation dans le secteur pharmaceutique. Les laboratoires bénéficient de financements pour développer de nouveaux traitements, renforçant leur attractivité.
26,Grève distribution,-2,Consommation,Distribution,3,3,Entreprise,Une grève massive dans les centres de distribution perturbe les opérations des grands détaillants. Les retards dans les livraisons et les coûts supplémentaires affectent la satisfaction des clients et les résultats financiers.
27,Cyberattaque,-3,Technologie,Cloud,4,4,Catastrophe,Une cyberattaque sophistiquée cible les principaux fournisseurs de services cloud, compromettant la sécurité des données. Les entreprises technologiques doivent investir massivement dans la cybersécurité pour restaurer la confiance des clients.
28,Accord commercial,3,Macro,,3,3,Géopolitique,Un nouvel accord commercial entre plusieurs nations facilite les échanges internationaux, stimulant les exportations et réduisant les barrières tarifaires. Les entreprises tournées vers l'exportation bénéficient d'un environnement commercial plus favorable.
29,Amende réglementaire,-2,Finance,Banque,3,3,Réglementation,Une grande banque reçoit une amende importante pour des pratiques non conformes aux réglementations financières. Cette sanction attire l'attention des régulateurs et pourrait entraîner des changements dans les politiques internes des institutions financières.
30,Progrès énergie verte,3,Énergie,Énergies renouvelables,4,4,Innovation,Des avancées significatives dans les technologies d'énergie renouvelable, comme les panneaux solaires à haut rendement, dynamisent le secteur énergétique. Les entreprises investissant dans les solutions vertes gagnent en popularité auprès des investisseurs et des consommateurs.
31,Tremblement de terre Japon,-4,Technologie,Semi-conducteurs,5,5,Catastrophe,Un séisme majeur frappe le Japon, endommageant des usines de semi-conducteurs. Les fabricants comme Nvidia et Intel subissent des interruptions de production, augmentant les coûts.
32,Inondations en Asie,-3,Industrie,Manufacture,4,4,Catastrophe,Des inondations massives en Asie du Sud-Est perturbent les chaînes d'approvisionnement industrielles, affectant la production automobile et électronique.
33,Éruption volcanique Islande,-3,Transport,Logistique,3,3,Catastrophe,Une éruption volcanique en Islande génère un nuage de cendres, perturbant les vols internationaux et les livraisons logistiques d'UPS et d'autres transporteurs.
34,Ouragan Atlantique,-4,Énergie,Pétrole,5,5,Catastrophe,Un ouragan dévastateur frappe la côte est des États-Unis, interrompant les opérations pétrolières dans le golfe du Mexique et affectant ExxonMobil et Chevron.
35,Sécheresse mondiale,-3,Consommation,Boissons,4,4,Catastrophe,Une sécheresse prolongée réduit la disponibilité en eau, impactant les coûts de production de Coca-Cola et PepsiCo dans leurs usines de boissons.
36,Lancement véhicule autonome,3,Industrie,Automobile,3,3,Innovation,Tesla dévoile une technologie de conduite autonome révolutionnaire, renforçant sa position sur le marché et attirant les investisseurs.
37,Crise énergétique Europe,-3,Énergie,Pétrole,4,4,Géopolitique,Des tensions géopolitiques entraînent une réduction des exportations de pétrole vers l'Europe, augmentant les prix pour BP et ExxonMobil.
38,Nouvelle réglementation IA,-2,Technologie,Logiciels,4,4,Réglementation,Une nouvelle loi limite l'utilisation de l'IA dans les logiciels, obligeant Microsoft et Oracle à ajuster leurs produits, ce qui freine leur croissance.
39,Percée énergie solaire,3,Énergie,Énergies renouvelables,3,3,Innovation,Une technologie de panneaux solaires à haut rendement est commercialisée, boostant les actions de NextEra Energy et d'autres acteurs des énergies vertes.
40,Fusion télécoms,2,Télécommunications,Téléphonie,3,3,Entreprise,T-Mobile fusionne avec un opérateur régional, renforçant sa couverture réseau et sa compétitivité face à Verizon et AT&T.
41,Attaque ransomware,-3,Technologie,Cloud,4,4,Catastrophe,Une attaque ransomware massive cible les fournisseurs de cloud comme Amazon et Google, entraînant des coûts de récupération élevés et une perte de confiance.
42,Subventions automobiles électriques,3,Industrie,Automobile,3,3,Politique,Un programme gouvernemental de subventions pour les véhicules électriques dope les ventes de Tesla et Ford, stimulant leurs actions.
43,Crise financière Asie,-3,Finance,Banque,4,4,Macro,Une crise financière en Asie provoque une chute des actifs bancaires, affectant JPMorgan et Goldman Sachs sur les marchés internationaux.
44,Lancement streaming Disney,3,Consommation,Médias,2,2,Innovation,Disney+ lance une nouvelle plateforme de streaming avec des contenus exclusifs, attirant des millions d'abonnés et boostant ses revenus.
45,Embargo commercial,-3,Matériaux,Mines,4,4,Géopolitique,Un embargo sur les exportations de minerais rares perturbe les activités de BHP Group et Rio Tinto, augmentant les coûts d'approvisionnement.
46,Pandémie régionale,-4,Santé,Pharmaceutique,5,5,Catastrophe,Une nouvelle vague pandémique stimule la demande de vaccins, profitant à Pfizer et Moderna, mais perturbe d'autres secteurs comme le commerce.
47,Record de ventes Nike,2,Consommation,Habillement,3,3,Entreprise,Nike enregistre des ventes record grâce à une campagne marketing virale, renforçant sa position face à ses concurrents.
48,Crise logistique mondiale,-3,Transport,Logistique,4,4,SupplyChain,Des perturbations dans les ports mondiaux ralentissent les livraisons, affectant les opérations d'UPS et d'autres sociétés de transport.
49,Avancée biotechnologie cancer,4,Santé,Biotechnologie,3,3,Innovation,Une percée dans le traitement du cancer par thérapie génique attire des investissements massifs dans Gilead Sciences et Moderna.
50,Tempête polaire USA,-3,Énergie,Pétrole,4,4,Catastrophe,Une tempête polaire paralyse les infrastructures pétrolières dans le Midwest américain, réduisant la production d'ExxonMobil et Chevron.